playerID,schoolID,yearID
aardsda01,pennst,2001
aardsda01,rice,2002
aardsda01,rice,2003
abadan01,gamiddl,1992
abadan01,gamiddl,1993
abbeybe01,vermont,1889
abbeybe01,vermont,1890
abbeybe01,vermont,1891
abbeybe01,vermont,1892
abbotje01,kentucky,1991
abbotje01,kentucky,1992
abbotje01,kentucky,1994
abbotji01,michigan,1986
abbotji01,michigan,1987
abbotji01,michigan,1988
abbotky01,longbeach,1989
abbotky01,ucsd,1987
abbotky01,ucsd,1988
abercre01,flgateway,2000
abernte01,elon,1939
abernte01,elon,1940
abernte01,elon,1941
ablesha01,swesterntx,1903
ablesha01,swesterntx,1904
accarje01,illinoisst,2001
accarje01,illinoisst,2002
accarje01,illinoisst,2003
aceveju01,ilparkl,1992
ackerji01,texas,1978
ackerji01,texas,1979
ackerji01,texas,1980
ackledu01,unc,2007
ackledu01,unc,2008
ackledu01,unc,2009
acrema01,nmstate,1989
acrema01,nmstate,1990
acrema01,nmstate,1991
adairje01,okstate,1957
adairje01,okstate,1958
adamsbo01,lehigh,1922
adamsbo01,lehigh,1923
adamsbo01,lehigh,1924
adamsbo01,lehigh,1925
adamsbo04,ucla,1971
adamsbo04,ucla,1972
adamsbo04,ucla,1973
adamsda02,virginia,2006
adamsda02,virginia,2007
adamsda02,virginia,2008
adamsgl01,sprngfldma,1967
adamsjo02,cacerri,1990
adamsma01,sliprock,2007
adamsma01,sliprock,2008
adamsma01,sliprock,2009
adamsmi01,usc,1967
adamsmi03,tamukvill,1999
adamsmi03,tamukvill,2000
adamsmi03,tamukvill,2001
adamsru01,unc,2000
adamsru01,unc,2001
adamsru01,unc,2002
adamssp02,utah,1920
adamswi02,stanford,1991
adamswi02,stanford,1992
adamswi02,stanford,1993
adcocjo01,lsu,1947
adducji01,sillinois,1978
adducji01,sillinois,1979
adducji01,sillinois,1980
aderhmo01,wake,1935
aderhmo01,wake,1936
aderhmo01,wake,1937
aderhmo01,wake,1938
adkindo01,beloitwi,1898
adkindo01,beloitwi,1899
adkindo01,beloitwi,1900
adkindo01,beloitwi,1901
adkinhe01,chicago,1893
adkinhe01,chicago,1894
adkinhe01,chicago,1895
adkinhe01,chicago,1896
adkinjo01,okstate,1996
adkinjo01,okstate,1997
adkinjo01,okstate,1998
adkinst01,upenn,1983
adkinst01,upenn,1984
adkinst01,upenn,1985
adkinst01,upenn,1986
afenitr01,capalom,1982
afenitr01,capalom,1983
agbaybe01,hawaiipac,1991
agbaybe01,hawaiipac,1992
agbaybe01,hawaiipac,1993
ageeto01,grambling,1961
agganha01,bostonuniv,1950
agganha01,bostonuniv,1952
aguilri01,byu,1981
aguilri01,byu,1982
aguilri01,byu,1983
ahearpa01,pepperdine,1991
ahearpa01,pepperdine,1992
aikenwi01,scstate,1974
ainswku01,lsu,1998
ainswku01,lsu,1999
akerfda01,arkansas,1981
akerfda01,arkansas,1982
akerfda01,mesast,1983
akerja01,casequo,1959
albaljo01,miamidade,2001
alberan01,kentucky,2005
alberan01,kentucky,2006
alberan01,kentucky,2007
alberan01,kentucky,2008
alberbu01,cincy,1971
alberbu01,cincy,1972
alberma01,txsjjcn,2002
albrija01,california,1941
albrija01,california,1942
albrija01,california,1943
alderda01,upperiowa,1939
alderda01,upperiowa,1940
alderda01,upperiowa,1941
alderda01,upperiowa,1942
aldremi01,stanford,1980
aldremi01,stanford,1981
aldremi01,stanford,1982
aldremi01,stanford,1983
aldrija01,mntclairst,1980
aldrija01,mntclairst,1981
aldrija01,mntclairst,1982
aldrivi01,incante,1913
aldrivi01,incante,1914
alexabo01,bethanywv,1942
alexada01,milligantn,1924
alexada01,milligantn,1925
alexada01,tusculum,1922
alexaga01,caharbo,1971
alexage01,tulane,1987
alexage01,tulane,1988
alexage01,tulane,1989
alexama01,grambling,1966
alexama01,grambling,1967
alexama01,grambling,1968
alfarja01,txhillj,1997
alicelu01,floridast,1984
alicelu01,floridast,1985
alicelu01,floridast,1986
allanan01,richmond,1981
allanan01,richmond,1982
allanan01,richmond,1983
allenbe01,purdue,1959
allenbe01,purdue,1960
allenbe01,purdue,1961
allenbo02,wisconsin,1919
allenbo02,wisconsin,1920
allenbo02,wisconsin,1921
allench01,texasam,1994
allench01,texasam,1995
allench01,texasam,1996
allenco01,highpoint,2011
allendu01,stanford,1992
allendu01,stanford,1993
allendu01,stanford,1994
allendu01,stanford,1995
allenet01,cincy,1924
allenet01,cincy,1925
allenet01,cincy,1926
allenfr01,rhodestn,1907
allenfr01,rhodestn,1908
allenfr01,rhodestn,1909
allenga01,arizonast,1973
allenga01,arizonast,1974
allenga01,arizonast,1975
allenga01,arizonast,1976
allenja02,arizonast,1977
allenja02,arizonast,1978
allenja02,arizonast,1979
allenje01,purdue,1991
allenje01,purdue,1992
allenje01,purdue,1993
allenki01,ucriver,1973
allenki01,ucriver,1974
allenki01,ucriver,1975
allenpe01,amherstma,1892
allenpe01,amherstma,1893
allisbo01,kansas,1954
allisda01,jamesmad,1986
allisda01,jamesmad,1987
allisda01,jamesmad,1988
allisda01,jamesmad,1989
allrebe01,lamar,1986
allrebe01,lamar,1987
almanar01,nmnmjco,1992
almanar01,nmnmjco,1993
almonbi01,brown,1973
almonbi01,brown,1974
almoned01,stfranny,1996
almoned01,stfranny,1997
almoned01,stfranny,1998
alonsyo01,miamifl,2006
alonsyo01,miamifl,2007
alonsyo01,miamifl,2008
aloumo01,cacanad,1985
aloumo01,cacanad,1986
alstode01,concordny,1971
alstode01,concordny,1972
alstoga01,flinternat,1992
alstoga01,nymercy,1990
alstoto01,ncat,1947
alstoto01,ncat,1948
alstoto01,ncat,1949
alstoto01,ncat,1950
alstowa01,miamioh,1933
alstowa01,miamioh,1934
alstowa01,miamioh,1935
altmage01,tennst,1953
altmage01,tennst,1954
altmage01,tennst,1955
alvarab01,longbeach,2001
alvarab01,longbeach,2002
alvarab01,longbeach,2003
alvarga01,usc,1993
alvarga01,usc,1994
alvarga01,usc,1995
alvarjo01,flhills,1975
alvarjo01,flhills,1976
alvarjo01,ulala,1977
alvarjo01,ulala,1978
alvarju01,stthomasfl,1992
alvarju01,stthomasfl,1993
alvarju01,stthomasfl,1994
alvarju01,stthomasfl,1995
alvarpe01,vandy,2006
alvarpe01,vandy,2007
alvarpe01,vandy,2008
alvarrj01,flatlantic,2010
alvarrj01,flatlantic,2011
alvarrj01,flatlantic,2012
alvisma01,texas,1958
alyeabr01,hofstra,1960
alyeabr01,hofstra,1961
amalfjo01,loyolamary,1952
amalfjo01,loyolamary,1953
amarari01,caorang,1981
amarari01,ucla,1982
amarari01,ucla,1983
amaroru02,stanford,1984
amaroru02,stanford,1985
amaroru02,stanford,1986
amaroru02,stanford,1987
amblewa01,duke,1935
amblewa01,duke,1936
amblewa01,duke,1937
ambrihe01,ucla,2003
ambrihe01,ucla,2004
ambrihe01,ucla,2005
ambrihe01,ucla,2006
amelued01,casajco,1978
amelued01,casajco,1979
amelued01,sandiegost,1980
amesst01,gonzaga,2009
amezaal01,flstpet,1998
amezaal01,flstpet,1999
anderal01,georgia,1935
anderal01,georgia,1936
anderal01,georgia,1937
anderbr01,ucirvine,1983
anderbr01,ucirvine,1984
anderbr01,ucirvine,1985
anderbr02,wrightst,1991
anderbr02,wrightst,1992
anderbr02,wrightst,1993
anderbr03,arizona,2001
anderbr03,arizona,2002
anderbr03,arizona,2003
anderbu01,rutgers,1975
anderbu01,rutgers,1976
anderbu01,rutgers,1977
andercr01,lehigh,1958
andercr01,lehigh,1959
andercr01,lehigh,1960
anderda02,memphis,1980
anderda02,memphis,1981
anderdr01,nebraska,2001
anderdr01,nebraska,2002
anderdr01,nebraska,2003
anderfe01,kansas,1937
anderfe01,kansas,1938
anderfr01,davidson,1906
anderfr01,mdmdbal,1909
anderha02,wchester,1951
anderha02,wchester,1952
anderja01,illinois,1998
anderja01,illinois,1999
anderja01,illinois,2000
anderjo03,ekentucky,2001
anderjo03,ekentucky,2002
anderjo03,ekentucky,2003
anderke01,scarolina,1982
anderke01,scarolina,1983
anderke01,scarolina,1984
anderma01,rice,1995
anderma01,rice,1996
anderma01,rice,1997
anderma02,salabama,1993
anderma02,salabama,1994
anderma02,salabama,1995
andermi02,swesterntx,1985
andermi02,swesterntx,1986
andermi02,swesterntx,1987
andermi02,swesterntx,1988
anderri02,washington,1978
andersc01,oregonst,1981
andersc01,oregonst,1982
andersc01,oregonst,1983
andersc01,oregonst,1984
anderwa01,wmichigan,1916
anderwi01,txburne,1904
anderwi01,txburne,1905
anderwi01,txburne,1906
andrast01,caameri,1998
andrast01,csstanisl,2001
andreed01,casewestrn,1881
andreel01,furman,1921
andreel01,furman,1922
andreel01,furman,1923
andreer01,indiana,1937
andreer01,indiana,1938
andreer01,indiana,1939
andrejo02,capasad,1968
andrejo02,capasad,1969
andrejo02,sandiegost,1970
andreki01,calavco,1972
andrena01,ncstand,1932
andrena01,unc,1933
andrena01,unc,1934
angelno01,cacsmat,1966
angelno01,cacsmat,1967
angelno01,washst,1968
angelno01,washst,1969
anglema01,ohiost,2005
anglema01,ohiost,2006
anglema01,ohiost,2007
angleto01,gatech,1925
angleto01,gatech,1926
angleto01,gatech,1927
ankenpa01,texas,1932
ankenpa01,texas,1933
ankenpa01,texas,1934
antonma01,wake,2004
antonma01,wake,2005
antonma01,wake,2006
apodabo01,cacerri,1968
apodabo01,cacerri,1969
apodabo01,calstla,1970
apodabo01,calstla,1971
appieke01,caantel,1987
appieke01,fresnost,1986
applepe01,michigan,1924
applepe01,michigan,1925
applepe01,michigan,1926
ardelda01,usc,1961
ardoida01,mcneese,1995
ardoida01,txtexar,1993
ardoida01,txtexar,1994
arencjp01,tennessee,2005
arencjp01,tennessee,2006
arencjp01,tennessee,2007
ariasge01,arizona,1993
ariasge01,azpimcc,1991
ariasge01,azpimcc,1992
arlinst01,ohiost,1965
arlinst01,ohiost,1966
armstja01,oklahoma,1987
armstja01,rider,1984
armstja01,rider,1985
armstja01,rider,1986
armstmi01,miamifl,1973
arndtla01,bowlgreen,1982
arndtla01,bowlgreen,1983
arndtla01,bowlgreen,1984
arndtla01,bowlgreen,1985
arnolsc01,miamioh,1981
arnolsc01,miamioh,1982
arnolsc01,miamioh,1983
arnolsc01,miamioh,1984
arnolto01,texas,1978
arnolto01,texas,1979
arnolto01,texas,1981
arnsbbr01,camerce,1982
arnsbbr01,camerce,1983
arrieja01,txchrist,2006
arrieja01,txchrist,2007
arroyru01,cafooth,1969
arroyru01,cafooth,1970
asadora01,fresnost,1981
asadora01,fresnost,1982
asadora01,fresnost,1983
ascheco01,nebraska,2009
ascheco01,nebraska,2010
ascheco01,nebraska,2011
ashbyan01,mocrowd,1986
ashfotu01,olemiss,1973
ashfotu01,tnswten,1974
ashke01,wvwesleyan,1921
assenpa01,aquinasmi,1980
assenpa01,aquinasmi,1981
assenpa01,aquinasmi,1982
assenpa01,aquinasmi,1983
astrojo01,illinois,1940
astrojo01,illinois,1941
astrojo01,illinois,1942
atchisc01,txchrist,1995
atchisc01,txchrist,1996
atchisc01,txchrist,1998
atchisc01,txchrist,1999
atchlju01,texasam,1994
atchlju01,texasam,1995
atchlju01,wawalla,1992
atchlju01,wawalla,1993
atherch01,pennst,1893
atherch01,pennst,1894
atherch01,pennst,1895
atkinga01,ucla,1998
atkinga01,ucla,1999
atkinga01,ucla,2000
atwelto01,vatech,1943
aubremi01,tulane,2001
aubremi01,tulane,2002
aubremi01,tulane,2003
auerbri01,capierc,1969
augenbr01,florida,2005
augenbr01,florida,2006
augenbr01,florida,2007
augusda01,flmdkjc,1968
augusdo01,chapmanca,1982
augusdo01,chapmanca,1983
augusdo01,chapmanca,1984
augusje01,wilacrosse,1971
augusje01,wilacrosse,1972
augusje01,wilacrosse,1973
augusje01,wilacrosse,1974
aukerel01,kansasst,1929
aukerel01,kansasst,1930
aukerel01,kansasst,1931
aukerel01,kansasst,1932
aultdo01,txpanol,1969
aultdo01,txpanol,1970
aultdo01,txtech,1971
aultdo01,txtech,1972
aurilri01,stjohns,1990
aurilri01,stjohns,1991
aurilri01,stjohns,1992
ausanjo01,jacksonvil,1985
ausanjo01,jacksonvil,1986
ausanjo01,jacksonvil,1987
ausanjo01,jacksonvil,1988
austde01,florida,1960
austde01,florida,1961
austije01,stanford,1997
austije01,stanford,1998
austiji02,vcu,1984
austiji02,vcu,1985
austiji02,vcu,1986
austiri01,washst,1967
austiri01,washst,1968
avenbr01,lamar,1991
avenbr01,lamar,1992
avenbr01,lamar,1993
avenbr01,lamar,1994
averiea02,oregon,1951
averiea02,oregon,1952
averiea02,oregon,1953
avilaal01,alabama,2006
avilaal01,alabama,2007
avilaal01,alabama,2008
avilemi01,concordny,2000
avilemi01,concordny,2001
avilemi01,concordny,2002
avilemi01,concordny,2003
axelrdy01,ucirvine,2006
axelrdy01,ucirvine,2007
axforjo01,canisius,2006
axforjo01,notredame,2003
axforjo01,notredame,2005
ayersdo01,vamedic,1912
ayraubo01,unlv,1987
ayraubo01,unlv,1988
babinch01,brown,1913
babinch01,brown,1914
babinch01,brown,1915
backebr01,txgalve,1997
backebr01,txgalve,1998
backmle01,rosehulman,1907
backmle01,rosehulman,1908
backmle01,rosehulman,1909
bacsimi01,trinitytx,1971
bacsimi01,trinitytx,1972
bacsimi01,trinitytx,1973
badenbu01,bowlgreen,2002
badenbu01,bowlgreen,2003
badenbu01,bowlgreen,2004
badenbu01,bowlgreen,2005
badgrre01,usc,1925
badgrre01,usc,1926
badgrre01,usc,1927
baezke01,dominican,1986
baezke01,dominican,1987
baezke01,dominican,1988
bagwebi01,latech,1920
bagwebi01,latech,1921
bagwebi01,latech,1922
bagweje01,hartford,1987
bagweje01,hartford,1988
bagweje01,hartford,1989
bahnsst01,nebraska,1965
bailean01,wagner,2003
bailean01,wagner,2004
bailean01,wagner,2005
bailean01,wagner,2006
baileco01,ilseijc,1990
baileco01,ilseijc,1991
baileed01,tennessee,1948
bailefr01,washleeva,1915
baileho01,grvalleyst,1977
baileji01,lincolnmem,1953
baileji01,lincolnmem,1954
baileji01,lincolnmem,1955
baileji01,lincolnmem,1956
bailema01,swmost,1980
bailema01,swmost,1981
bailema01,swmost,1982
bailero01,floridast,1990
bailero01,floridast,1991
bailero01,floridast,1992
bailesc01,meramec,1982
bailesc01,swmost,1981
bairdal01,centenary,1917
bairdal01,lsu,1916
bairdbo01,carsnewm,1959
bairdbo01,carsnewm,1960
bairdbo01,carsnewm,1961
bairdbo01,carsnewm,1962
bairddo01,wminstermo,1912
bairdo01,bowlgreen,1970
bairdo01,bowlgreen,1971
baislje01,sflorida,2002
baislje01,sflorida,2003
baislje01,sflorida,2004
baislje01,sflorida,2005
bajenje01,carivcc,1997
bajenje01,carivcc,1998
bajenje01,oklahoma,1999
bajenje01,oklahoma,2000
bakerch02,casajco,1972
bakerch02,casajco,1973
bakerch02,loyolamary,1974
bakerch02,loyolamary,1975
bakerda01,ucla,1975
bakerda01,ucla,1976
bakerda01,ucla,1977
bakerda01,ucla,1978
bakerdo01,arizonast,1982
bakerfr03,smiss,1965
bakerfr03,smiss,1966
bakerfr03,smiss,1967
bakerja01,auburn,1971
bakerje03,clemson,2000
bakerje03,clemson,2001
bakerje03,clemson,2002
bakerjo01,california,2000
bakerjo01,california,2001
bakerjo01,california,2002
bakerne01,texas,1926
bakerne01,texas,1927
bakersc02,okstate,2001
bakersc02,okstate,2002
bakersc02,okstate,2003
bakerst01,grossmont,1976
bakertr01,washington,1910
bakopa01,ulala,1991
bakopa01,ulala,1992
bakopa01,ulala,1993
balazjo01,sdcity,1970
balbost01,eckerd,1976
balbost01,eckerd,1977
balbost01,eckerd,1978
baldwda01,arizona,1957
baldwda01,arizona,1958
baldwda01,arizona,1959
baldwje01,njcamde,1983
baldwje01,njcamde,1984
baldwma01,pennst,1882
baldwre01,grambling,1973
baldwre01,grambling,1974
baldwre01,grambling,1975
baldwre01,grambling,1976
balejo01,aljeffd,1993
balejo01,aljeffd,1994
balejo01,smiss,1995
balejo01,smiss,1996
balenmi01,pacarli,1907
balenmi01,pacarli,1908
balenmi01,pacarli,1909
balenmi01,texasam,1910
balesle01,cacerri,1963
ballaje01,stanford,1982
ballaje01,stanford,1983
ballaje01,stanford,1984
ballaje01,stanford,1985
ballje01,camerce,1989
ballje01,sanjosest,1990
balsato01,fordham,1956
balsato01,fordham,1957
balsato01,fordham,1958
bandoch01,arizonast,1975
bandoch01,arizonast,1976
bandoch01,arizonast,1977
bandoch01,arizonast,1978
bandosa01,arizonast,1964
bandosa01,arizonast,1965
baneed01,arizonast,1971
baneed01,arizonast,1972
baneed01,arizonast,1973
banisje01,houston,1986
banisje01,txleejc,1984
banisje01,txleejc,1985
bankhsc01,unc,1982
bankhsc01,unc,1983
bankhsc01,unc,1984
banksbr01,byu,1990
banksbr01,byu,1993
banksev01,lsu,1910
banksjo01,flinternat,2001
banksjo01,flinternat,2002
banksjo01,flinternat,2003
bannial01,arizonast,1970
bannial01,arizonast,1971
bannial01,arizonast,1972
bannibr01,usc,2000
bannibr01,usc,2001
bannibr01,usc,2003
bannifl01,arizonast,1974
bannifl01,arizonast,1975
bannifl01,arizonast,1976
bannoji01,holycross,1893
bantzbr01,dallasbapt,2006
bantzbr01,dallasbapt,2007
bantzbr01,dallasbapt,2008
bantzbr01,dallasbapt,2009
barajro01,cacerri,1994
barajro01,cacerri,1995
barbebr01,cacerri,1986
barbebr01,cacerri,1987
barbebr01,usc,1988
barbest02,arizona,1967
barbest02,laverneca,1968
barbest02,laverneca,1969
barbetu01,uniontn,1914
barbetu01,uniontn,1915
barclge01,bucknell,1893
barclge01,lafayette,1894
barclge01,lafayette,1895
barclge01,lafayette,1896
barclge01,lafayette,1897
bardda01,unc,2004
bardda01,unc,2005
bardda01,unc,2006
bardebr01,oregonst,2000
bardebr01,oregonst,2001
bardebr01,oregonst,2002
bardjo01,txtech,1997
bardjo01,txtech,1998
bardjo01,txtech,1999
barera01,flmdnjc,1968
barera01,flmdnjc,1969
barfijo01,okcity,1986
bargagr01,arizona,1980
bargagr01,caelcam,1978
bargagr01,caelcam,1979
bargecy01,trnsylvnia,1904
barkbr01,ncstate,1987
barkbr01,ncstate,1988
barkbr01,ncstate,1989
barkbr01,ncstate,1990
barkean01,ncstate,1992
barkean01,ncstate,1993
barkean01,ncstate,1994
barkean01,ncstate,1995
barkegl01,strose,1990
barkegl01,strose,1991
barkegl01,strose,1992
barkegl01,strose,1993
barkeke01,vatech,1994
barkeke01,vatech,1995
barkeke01,vatech,1996
barkeri01,maquins,1994
barkese01,cabakjc,1999
barkese01,cabakjc,2000
barkese01,lsu,2001
barkese01,lsu,2002
barklje01,citadel,1979
barklje01,citadel,1980
barklje01,citadel,1981
barklje01,citadel,1982
barklre01,texas,1934
barlomi01,syracuse,1968
barlomi01,syracuse,1969
barlomi01,syracuse,1970
barmecl01,ilolney,1998
barmecl01,ilolney,1999
barmecl01,indianast,2000
barnaba01,wvirginia,1935
barnaba01,wvirginia,1936
barnaba01,wvirginia,1937
barnebo01,illinois,1921
barnebo01,illinois,1922
barnebr01,clemson,1986
barnebr01,clemson,1987
barnebr01,clemson,1988
barnebr01,clemson,1989
barneda01,oregonst,2005
barneda01,oregonst,2006
barneda01,oregonst,2007
barneep01,colgate,1919
barneep01,colgate,1920
barneep01,colgate,1921
barneep01,colgate,1922
barneho01,colgate,1922
barneho01,colgate,1923
barneho01,colgate,1924
barneho01,colgate,1925
barnejo01,grossmont,1995
barnejo01,grossmont,1996
barneju01,wake,1931
barneju01,wake,1932
barneju01,wake,1933
barnela01,fresnost,1995
barnelu01,oregonst,1967
barnelu01,oregonst,1968
barnelu01,oregonst,1969
barnere01,alabama,1924
barnere01,alabama,1925
barnere01,alabama,1926
barnesa01,auburn,1918
barnesa01,auburn,1919
barnesa01,auburn,1920
barnesa01,auburn,1921
barnesc01,stjohns,2006
barnesc01,stjohns,2007
barnesc01,stjohns,2008
barnesk01,cincy,1977
barnesk01,cincy,1978
barnhcl01,shipnsburg,1915
barnhcl01,shipnsburg,1916
barnoed01,syracuse,1963
barnwch01,flagler,1998
barnwch01,flagler,1999
barnwch01,flagler,2000
barnwch01,flagler,2001
baronda01,campjco,2002
baronda01,campjco,2003
baronda01,sonomast,2004
barracu01,casacra,1952
barrefr01,stleo,1929
barrefr01,stleo,1930
barrefr01,stleo,1931
barrefr01,stleo,1932
barrema02,arizonast,1979
barrema02,azmescc,1977
barrema02,azmescc,1978
barreti01,ilwabas,1980
barreti01,indianast,1982
barreti01,indianast,1983
barreto01,arizona,1981
barreto01,arizona,1982
barreto01,azmescc,1980
barrji01,usc,1968
barrji01,usc,1969
barrji01,usc,1970
barrofr02,mariettaoh,1909
barrofr02,mariettaoh,1910
barrofr02,mariettaoh,1911
barrofr02,mariettaoh,1912
barrofr02,wvirginia,1913
barrofr02,wvirginia,1914
barrore01,gatech,1919
barrore01,gatech,1920
barrore01,gatech,1921
barrore01,gatech,1922
barroto01,willamette,1986
barroto01,willamette,1987
barrsc01,davidson,1908
barryha01,santaclara,1910
barryha01,santaclara,1911
barryha01,santaclara,1912
barryja01,holycross,1906
barryja01,holycross,1907
barryja01,holycross,1908
barryje01,sandiegost,1988
barryje01,sandiegost,1989
barryje01,sandiegost,1990
barryke01,rider,1998
barryke01,rider,1999
barryke01,rider,2000
barryke01,rider,2001
barrysh01,niagara,1896
barrysh01,niagara,1897
barrysh01,niagara,1898
barrysh01,niagara,1899
barryto01,brown,1900
barryto01,brown,1901
barryto01,brown,1902
barryto01,brown,1903
barteki01,creighton,1991
barteki01,creighton,1992
barteki01,creighton,1993
bartlbo01,illinois,1941
bartlbo01,illinois,1942
bartlbo01,illinois,1943
bartlir01,michiganst,1934
bartlir01,michiganst,1935
bartlir01,michiganst,1936
bartlja01,casjdjc,1998
bartlja01,casjdjc,1999
bartlja01,oklahoma,2000
bartlja01,oklahoma,2001
bartobr01,loyolamary,2001
bartobr01,miamifl,2003
bartobr01,miamifl,2004
bartosh01,cacanyo,1982
bartosh01,cacanyo,1983
bartosh01,nevada,1984
barziph01,rice,2000
barziph01,rice,2001
barziph01,txalvin,1998
barziph01,txalvin,1999
basakch01,illinois,1998
basakch01,illinois,1999
basakch01,illinois,2000
basgamo01,sterlingks,1941
bassan01,waynest,2006
bassan01,waynest,2007
bassan01,waynest,2008
bassdi01,miamioh,1928
bassdi01,miamioh,1929
bassdi01,miamioh,1930
bassdo01,mercer,1917
bassdo01,mercer,1918
bassech01,brown,1882
bassech01,brown,1883
bassech01,brown,1884
bassno01,pacific,1957
batchri01,uscaiken,1985
batchri01,uscaiken,1986
batchri01,uscaiken,1987
batchri01,uscaiken,1988
batchri01,uscaiken,1989
batesaa01,ncstate,2005
batesaa01,ncstate,2006
batesaa01,sanjosest,2003
batesbi01,texas,1983
batesbi01,texas,1984
batesbi01,texas,1985
batesja01,arizona,1992
batesja01,cacypre,1990
batesja01,cacypre,1991
bathebi01,cafulle,1980
bathebi01,pepperdine,1981
batscbi01,bethanywv,1914
batscbi01,bethanywv,1915
battlal01,salabama,1989
battlal01,salabama,1990
battlal01,salabama,1991
battsma01,baylor,1941
bauerri01,ortreas,1996
bauerri01,ortreas,1997
bauertr01,ucla,2009
bauertr01,ucla,2010
bauertr01,ucla,2011
baughju01,lewclarkor,1993
baughju01,lewclarkor,1994
baughju01,lewclarkor,1995
baumgro01,florida,1977
baumgro01,flsouthern,1974
baumgro01,pbsc,1975
baumgst01,chicago,1912
baumgst01,chicago,1913
baumgst01,chicago,1914
baumhfr01,ohio,1939
baumhfr01,ohio,1940
baumhfr01,ohio,1941
bautijo02,flchipo,2000
bautijo02,flchipo,2001
baxtemi01,columbia,2003
baxtemi01,vandy,2004
baxtemi01,vandy,2005
bayja01,gonzaga,1999
bayja01,gonzaga,2000
bayja01,idnidjc,1997
bayja01,idnidjc,1998
baylijo01,trinityct,2000
baylijo01,trinityct,2001
baylijo01,trinityct,2002
beallbo01,oregonst,1968
beallbo01,oregonst,1969
beallbo01,oregonst,1970
beamoch02,calaney,1973
beamtj01,azscott,2000
beamtj01,azscott,2001
beamtj01,olemiss,2002
beamtj01,olemiss,2003
beanbi01,loyolamary,1983
beanbi01,loyolamary,1984
beanbi01,loyolamary,1985
beanbi01,loyolamary,1986
beanco01,auburn,1997
beanco01,auburn,1998
beanco01,auburn,1999
beanco01,auburn,2000
beardmi01,texas,1970
beardmi01,texas,1971
bearega01,longbeach,1973
bearega01,longbeach,1974
bearnla01,stjohns,1960
bearnla01,stjohns,1961
bearnla01,stjohns,1962
bearske01,olddom,1985
bearske01,olddom,1986
bearske01,olddom,1987
beaslch01,arizonast,1983
beaslch01,arizonast,1984
beattbl01,baylor,1985
beattbl01,baylor,1986
beattbl01,txsjjcn,1984
beattji01,dartmouth,1974
beattji01,dartmouth,1975
beaumgi01,beloitwi,1898
beckch01,ulala,2006
beckhgo01,georgia,2006
beckhgo01,georgia,2007
beckhgo01,georgia,2008
beckmbi01,wshngtonmo,1927
beckmbi01,wshngtonmo,1928
beckmbi01,wshngtonmo,1929
beckri01,gonzaga,1961
beckri01,gonzaga,1962
beckri01,wacolum,1959
beckri01,wacolum,1960
beckwjo01,auburn,1974
beckwjo01,auburn,1975
beckwjo01,auburn,1976
beckwjo01,auburn,1977
bedarer01,ctnorwa,1998
bedarer01,ctnorwa,1999
bedelho01,wchester,1956
bedfoge01,centreky,1921
bedfoge01,smethodist,1923
bedfoge01,smethodist,1924
bedfoge01,smethodist,1925
bedrost01,newhaven,1978
beebefr01,illinois,1902
beebefr01,illinois,1903
beechma01,houston,1993
beechma01,houston,1994
beechma01,txnavar,1991
beechma01,txnavar,1992
beenean01,baylor,1976
beenean01,baylor,1977
beenean01,baylor,1978
beenean01,baylor,1979
beenefr01,samhouston,1962
beenefr01,samhouston,1963
beenefr01,samhouston,1964
behneme01,michiganst,1967
behneme01,michiganst,1968
beimejo01,duquesne,1998
beirnke01,texasam,1994
belchke01,txnavar,1987
belchti01,mtvernnaz,1981
belchti01,mtvernnaz,1982
belchti01,mtvernnaz,1983
belfimi01,bostoncoll,2007
belfimi01,bostoncoll,2008
belfimi01,bostoncoll,2009
belitto01,washst,1995
belitto01,washst,1996
belitto01,washst,1997
belivje01,charleston,2006
belivje01,charleston,2007
belivje01,flatlantic,2008
belkti01,lubbchrist,1992
belkti01,texas,1991
bellast01,fordham,1864
bellast01,fordham,1865
bellast01,fordham,1866
bellast01,fordham,1867
bellast01,fordham,1868
bellbe01,texasam,1929
bellbe01,texasam,1930
bellbe01,texasam,1931
belleal01,lsu,1985
belleal01,lsu,1986
belleal01,lsu,1987
bellhe01,casajco,1997
bellhe01,casajco,1998
bellhma01,auburn,1993
bellhma01,auburn,1994
bellhma01,auburn,1995
bellicl01,rollins,1986
bellicl01,rollins,1987
bellicl01,rollins,1988
bellicl01,rollins,1989
bellje01,belmont,1966
bellje01,belmont,1967
bellje01,rhodestn,1968
bellje01,rhodestn,1969
bellke01,camsajc,1974
belloro01,mercer,1967
belloro01,mercer,1968
belloro01,mercer,1969
bellte01,olddom,1981
bellte01,olddom,1982
bellte01,olddom,1983
beltbr01,texas,2008
beltbr01,texas,2009
beltrri01,wyoming,1990
beltrri01,wyoming,1991
benarma01,caharbo,1989
benarma01,caharbo,1990
benarma01,lewclarkst,1991
benarma01,lewclarkst,1992
benavfr01,txchrist,1985
benavfr01,txchrist,1986
benavfr01,txchrist,1987
bendech01,dickinson,1902
bendech01,pacarli,1901
bendech01,pacarli,1902
benedbr01,nebomaha,1974
benedbr01,nebomaha,1975
benedbr01,nebomaha,1976
benesal01,creighton,1991
benesal01,creighton,1992
benesal01,creighton,1993
benesan01,evansville,1986
benesan01,evansville,1987
benesan01,evansville,1988
bengera01,samhouston,1922
bengera01,samhouston,1923
bengera01,samhouston,1924
bengera01,samhouston,1925
bengobe01,niagara,1916
bengobe01,niagara,1917
bengobe01,niagara,1918
benjami01,arizonast,1986
benjami01,arizonast,1987
benjami01,cacerri,1984
benjami01,cacerri,1985
benjast01,mcdaniel,1936
benneer01,sacstate,1987
benneer01,sacstate,1988
benneer01,sacstate,1989
bennejo01,newyorku,1919
bennejo01,newyorku,1920
bennejo01,newyorku,1921
bennejo01,newyorku,1922
bennejo01,newyorku,1923
bennejo02,estroud,1989
bennejo02,estroud,1990
bennejo02,estroud,1991
bennepu01,blackbrnil,1896
bennesh01,ildupag,1993
bennesh01,ilparkl,1992
bensokr01,clemson,1994
bensokr01,clemson,1995
bensokr01,clemson,1996
bensove01,catawba,1942
bensove01,catawba,1943
bentosi01,arkansas,1912
bentosi01,arkansas,1913
bentosi01,arkansas,1914
bentosi01,arkansas,1915
bentzch01,longbeach,2000
bentzch01,longbeach,2001
berarjo01,usc,1937
berbelo01,santaclara,1949
berblje01,kansas,1990
berblje01,kansas,1991
berblje01,kansas,1992
berblje01,kansas,1993
bereja01,mamiddl,1990
berenbr01,migocco,1975
berenbr01,trumanst,1976
bergda01,casacra,1990
bergda01,casacra,1991
bergda01,miamifl,1992
bergda01,miamifl,1993
bergebo01,maryland,1929
bergebo01,maryland,1930
bergebo01,maryland,1931
bergebo01,maryland,1932
bergebr01,ekentucky,1994
bergebr01,ekentucky,1995
bergebr01,ekentucky,1996
bergmal01,notredame,1914
bergmal01,notredame,1915
bergmda01,illinoisst,1971
bergmda01,illinoisst,1972
bergmda01,illinoisst,1973
bergmda01,illinoisst,1974
bergmdu01,hawaii,1997
bergmdu01,hawaii,1998
bergmdu01,hawaii,1999
bergmja01,rutgers,2000
bergmja01,rutgers,2001
bergmja01,rutgers,2002
bergmo01,princeton,1921
bergmo01,princeton,1922
bergmo01,princeton,1923
bergmse01,sillinois,1989
bergmse01,sillinois,1990
bergmse01,sillinois,1991
berkeja01,clemson,2003
berkeja01,clemson,2004
berkeja01,clemson,2006
berkmla01,rice,1995
berkmla01,rice,1996
berkmla01,rice,1997
bernadw01,belmont,1971
bernadw01,belmont,1972
bernadw01,belmont,1973
bernadw01,belmont,1974
bernavi01,calpolypom,1973
bernavi01,calpolypom,1974
bernavi01,calpolypom,1975
bernead01,armstratl,1999
bernead01,casacra,1997
bernead01,moculve,1998
bernhwa01,upenn,1917
bernhwa01,upenn,1918
bernido01,cacuest,1999
bernido01,cacuest,2000
bernido01,oralrob,2001
bernido01,oralrob,2002
berojo01,wmichigan,1943
berrych02,lafayette,1922
berrych02,lafayette,1923
berrych02,lafayette,1924
berrych02,lafayette,1925
berryda01,caorang,1983
berryda01,caorang,1984
berryjo02,upenn,1915
berryjo02,upenn,1916
berryjo02,upenn,1917
berryqu01,sandiegost,2005
berryqu01,sandiegost,2006
berryse01,ucla,1985
bertedi01,iowast,1955
bertedi01,iowast,1956
bertedi01,iowast,1957
bertomi01,iona,1989
bertomi01,iona,1990
bertomi01,iona,1991
besanfr01,casierr,1949
beschbo01,wittnbrgoh,1904
beschbo01,wittnbrgoh,1905
bethebi01,texas,1961
bethebi01,texas,1962
bethebi01,texas,1963
bettela01,stmarysca,1925
bettela01,stmarysca,1926
bettela01,stmarysca,1927
bettela01,stmarysca,1928
bettich01,txtech,2008
bettich01,txtech,2009
bettich01,txtech,2010
bevacku01,flmdnjc,1966
bevacku01,flmdnjc,1967
beverja01,wcarolina,1992
beverja01,wcarolina,1993
beverja01,wcarolina,1994
bevilbr01,txangjc,1990
bevilbr01,txangjc,1991
bezdehu99,chicago,1903
bezdehu99,chicago,1904
bezdehu99,chicago,1905
bibbyji01,fayetvilst,1963
bibbyji01,fayetvilst,1964
bibbyji01,fayetvilst,1965
bicheda01,pbsc,1984
bickhda01,princeton,1884
bickhda01,princeton,1885
bickhda01,princeton,1886
biddlro01,longbeach,1995
biddlro01,longbeach,1996
biddlro01,longbeach,1997
bielemi01,flvalen,1979
bielemi01,loyolamd,1978
biesest01,mojeffe,1985
biesest01,mojeffe,1986
biesest01,semost,1988
biesest01,semost,1989
bigbeca01,oregon,1914
bigbeca01,oregon,1915
bigbely01,oregon,1913
bigbely01,oregon,1914
bigbely01,oregon,1915
bigbila01,ballst,1997
bigbila01,ballst,1998
bigbila01,ballst,1999
biggicr01,setonhall,1985
biggicr01,setonhall,1986
biggicr01,setonhall,1987
biglepe01,juniatapa,1911
biglepe01,juniatapa,1912
biglepe01,sprngfldma,1916
biittla01,buenavista,1966
biittla01,buenavista,1967
biittla01,buenavista,1968
bilarda01,cacabri,1978
billibr01,calstfull,1996
billibr01,ecarolina,1994
billibr02,sandiegost,2004
billibr02,sandiegost,2005
billibr02,sandiegost,2006
billibr02,sandiegost,2007
billidi01,michiganst,1963
billidi01,michiganst,1964
billidi01,michiganst,1965
billijo01,okstate,1911
billijo01,okstate,1912
billijo02,brown,1927
birddo01,camsajc,1969
birkbmi01,akron,1980
birkbmi01,akron,1981
birkbmi01,akron,1982
birkbmi01,akron,1983
birkiku01,capierc,2000
birkiku01,ucla,1999
birtsti01,michiganst,1979
birtsti01,michiganst,1980
birtsti01,michiganst,1981
birtsti01,michiganst,1982
bisenjo01,iawescc,2002
bisenjo01,iawescc,2003
bisenjo01,okcity,2004
bisholl01,wichitast,1911
bisholl01,wichitast,1912
bissode01,georgetown,1921
bissode01,newhamp,1920
bitkejo01,casacra,1984
bixlebr01,emichigan,2002
bixlebr01,emichigan,2003
bixlebr01,emichigan,2004
bjorkge01,oralrob,1976
bjorkge01,oralrob,1977
bjorkge01,oralrob,1978
blackbu02,sandiegost,1978
blackbu02,sandiegost,1979
blackbu02,walower,1976
blackbu02,walower,1977
blackch01,chicago,1912
blackch02,gatech,2007
blackch02,gatech,2008
blacket01,illinois,1960
blackew01,laverneca,1941
blackge02,txwesle,1924
blackni01,oksemin,2001
blackni01,oksemin,2002
blackvi01,dallasbapt,2007
blackvi01,dallasbapt,2008
blackvi01,dallasbapt,2009
bladtri01,cafooth,1965
bladtri01,cafooth,1966
blairbu01,lsu,1933
blairbu01,lsu,1934
blairbu01,lsu,1936
blairwa01,bucknell,1904
blairwi01,morehead,1984
blairwi01,morehead,1985
blairwi01,morehead,1986
blakeca01,wichitast,1993
blakeca01,wichitast,1994
blakeca01,wichitast,1995
blakeca01,wichitast,1996
blakesh01,wvwesleyan,1918
blakesh01,wvwesleyan,1919
blancal01,providence,1931
blancal01,providence,1932
blancal01,providence,1933
blancal01,providence,1934
blandfr01,michigan,1909
blandfr01,michigan,1910
blankke01,arizona,1982
blankke01,arizona,1983
blankke01,arizona,1984
blankla02,california,1983
blankla02,california,1984
blankla02,california,1985
blankla02,california,1986
blankma01,texasam,1996
blankma01,texasam,1997
blantjo01,kentucky,2000
blantjo01,kentucky,2001
blantjo01,kentucky,2002
blatest01,denver,1964
blatest01,denver,1965
blausje01,casacra,1984
blaylma01,arftsmi,1947
blefacu01,wagner,1962
blemkra01,gatech,1957
blemkra01,gatech,1958
blemkra01,gatech,1959
blevije01,dayton,2002
blevije01,dayton,2003
blevije01,dayton,2004
blewebo01,beloitwi,1898
blewebo01,beloitwi,1899
blewebo01,georgetown,1900
blewebo01,georgetown,1901
blewebo01,georgetown,1902
blissfr01,michigan,1872
blissja01,california,1903
blissja01,california,1904
blissja01,california,1905
blockte01,tennst,1979
blockte01,tennst,1980
blockte01,tennst,1981
blomdbe01,carivcc,1990
blomdbe01,carivcc,1991
bloomwi01,arizonast,1997
bloomwi01,arizonast,1998
bloomwi01,arizonast,1999
blottja01,michigan,1922
blottja01,michigan,1923
blottja01,michigan,1924
blowemi01,washington,1986
blowemi01,watacom,1984
blumaja01,wichitast,1991
blumaja01,wichitast,1992
blumaja01,wichitast,1993
blumaja01,wichitast,1994
blumecl01,colgate,1919
blumecl01,colgate,1920
blumecl01,colgate,1921
blumecl01,colgate,1922
blumge01,california,1992
blumge01,california,1993
blumge01,california,1994
bobbra01,arizonast,1967
boccajo01,santaclara,1961
boccajo01,santaclara,1962
boccajo01,santaclara,1963
bocekmi01,wisconsin,1933
bochtbr01,santaclara,1970
bochtbr01,santaclara,1971
bochtbr01,santaclara,1972
bochtdo01,flindia,1989
bochybr01,flbreva,1975
bockura01,kentst,1979
bockura01,kentst,1980
bockura01,kentst,1981
bockura01,kentst,1982
bococbr01,stetson,2004
bococbr01,stetson,2005
bococbr01,stetson,2006
boddimi01,iowa,1976
boddimi01,iowa,1977
boehmle01,stlouis,1959
boehmle01,stlouis,1960
boehmle01,stlouis,1961
boehrbr01,meramec,1988
boehrbr01,meramec,1989
boehrbr01,unlv,1990
boehrbr01,unlv,1991
boescbr01,california,2004
boescbr01,california,2005
boescbr01,california,2006
boevejo01,meramec,1981
boevejo01,mocrowd,1980
boevejo01,unlv,1982
bogarti01,eillinois,1985
bogarti01,eillinois,1987
bogente01,oklahoma,1975
bogente01,oklahoma,1976
bogente01,oklahoma,1977
bogente01,oklahoma,1978
boggsbr01,gatech,2002
boggsbr01,gatech,2003
boggsbr01,gatech,2004
boggsmi01,georgia,2003
boggsmi01,georgia,2004
boggsmi01,georgia,2005
boggsra01,denver,1923
boggsra01,denver,1924
boglewa01,miamifl,1966
boglewa01,miamifl,1967
bogusbr01,tulane,2003
bogusbr01,tulane,2004
bogusbr01,tulane,2005
bohntj01,kshutch,1999
bohntj01,kshutch,2000
bohntj01,nebellevue,2001
bohntj01,nebellevue,2002
boitada01,cafrecc,1972
boitada01,cafrecc,1973
bokeldi01,nwestern,1945
bokeldi01,nwestern,1946
bokeldi01,nwestern,1947
bolicfr01,gatech,1986
bolicfr01,gatech,1987
bollifr01,springhill,1951
boltoce01,missst,1924
boltoce01,missst,1925
boltoce01,missst,1926
boltoro01,kentucky,1989
boltoro01,kentucky,1990
boltoro01,tnchatt,1987
boltoro01,tnchatt,1988
bondsba01,arizonast,1983
bondsba01,arizonast,1984
bondsba01,arizonast,1985
bondwa01,lanecol,1956
boneyha01,florida,1926
boneyha01,florida,1927
bonhabi01,calavco,1967
bonhabi01,calavco,1968
bonhabi01,ucla,1969
bonhabi01,ucla,1970
bonilju01,floridast,1974
bonilju01,floridast,1975
bonilju01,floridast,1976
bonilju01,floridast,1977
bonined01,caglend,2001
bonined01,nevada,2003
bonined01,washst,2002
bonneba01,ohiost,1972
bonneba01,ohiost,1973
bonneba01,ohiost,1974
bonnebo01,texasam,1975
bonnebo01,texasam,1976
bonnebo01,texasam,1977
bonnebo01,texasam,1978
booeev01,davidson,1908
booeev01,davidson,1909
booeev01,davidson,1910
bookegr01,elon,1979
bookegr01,elon,1980
bookegr01,elon,1981
bookero01,california,1979
bookero01,california,1980
bookero01,capasad,1977
booneaa01,usc,1992
booneaa01,usc,1993
booneaa01,usc,1994
boonebo01,stanford,1967
boonebo01,stanford,1968
boonebo01,stanford,1969
boonebr01,usc,1988
boonebr01,usc,1989
boonebr01,usc,1990
booneda01,alabama,1917
booneda01,alabama,1918
booneda01,alabama,1919
booneda02,cacerri,1973
booneda02,cacerri,1974
booneda02,calstfull,1975
booneda02,calstfull,1976
booneik01,alabama,1919
booneik01,alabama,1920
bootcch01,auburn,1998
bootcch01,auburn,1999
bootcch01,auburn,2000
boozejo01,wofford,1957
boozejo01,wofford,1958
borboju01,tennessee,2005
borboju01,tennessee,2006
borboju01,tennessee,2007
borbope02,txparis,1986
borbope02,txparis,1987
borbope02,txparis,1988
borchjo01,stanford,1998
borchjo01,stanford,1999
borchjo01,stanford,2000
bordimi01,maine,1984
bordimi01,maine,1985
bordimi01,maine,1986
bordiri01,fresnost,1978
bordiri01,fresnost,1979
bordiri01,fresnost,1980
bordlbi01,usc,1977
bordlbi01,usc,1978
borgmgl01,flmdnjc,1969
borgmgl01,salabama,1970
borgmgl01,salabama,1971
borispa01,rutgers,1975
borispa01,rutgers,1976
borispa01,rutgers,1977
borlato01,okstate,1953
borlato01,okstate,1954
borlato01,okstate,1955
borosst01,michigan,1956
borosst01,michigan,1957
borowha01,fordham,1938
borowha01,fordham,1939
bosioch01,casacra,1982
boskish01,camodes,1986
bossha01,latech,1926
bossha01,latech,1927
bostihe01,denver,1915
bostoly01,calstnorth,1971
bostoly01,calstnorth,1972
boswean01,upenn,1893
boswean01,upenn,1894
bosweke01,samhouston,1965
botelde01,flmdkjc,1975
bottari01,cconnst,1990
bottari01,cconnst,1991
bottsja01,caglend,1999
bottsja01,caglend,2000
bouched01,washst,1952
boudrlo01,illinois,1937
bouldca01,cincy,1959
bouldca01,cincy,1960
bouldca01,cincy,1961
bourgst01,ladelga,1991
bourgst01,mshinds,1992
bourgst01,ulamo,1993
bourjch01,iltruma,1973
bourjch01,iltruma,1974
bourjch01,nillinois,1975
bourjch01,nillinois,1976
bournmi01,houston,2001
bournmi01,houston,2002
bournmi01,houston,2003
bournra01,cacanad,1985
bournra01,cacanad,1986
bournra01,floridast,1987
bourqpa01,holycross,1968
bourqpa01,holycross,1969
bowala01,casacra,1964
bowala01,casacra,1965
bowdeti01,georgia,1911
bowdeti01,georgia,1912
bowdeti01,georgia,1913
bowench01,holycross,1916
bowench01,holycross,1917
bowench01,holycross,1918
bowench01,holycross,1919
bowensa01,tennst,1956
bowensa01,tennst,1957
bowensa01,tennst,1958
bowensa02,gacoast,1971
bowensa02,gacoast,1972
bowerfr01,michigan,1892
bowersh01,loyolamary,1990
bowersh01,loyolamary,1991
bowersh01,loyolamary,1992
bowersh01,loyolamary,1993
bowerst01,gettysburg,1935
bowieji01,casacra,1984
bowieji01,casacra,1985
bowieji01,lsu,1986
bowkejo01,longbeach,2002
bowkejo01,longbeach,2003
bowkejo01,longbeach,2004
bowlist01,tulsa,1971
bowlist01,tulsa,1972
bowlist01,tulsa,1973
bowlist01,tulsa,1974
bowmael01,vermont,1917
bowmael01,vermont,1919
bowmael01,vermont,1920
bowmasu01,upenn,1889
bowmasu01,upenn,1890
bowmasu01,upenn,1891
boxbebr01,usc,2007
boxbebr01,usc,2008
boxbebr01,usc,2009
boydja02,illogan,1993
boydja02,illogan,1994
boydoi01,jacksonst,1978
boydoi01,jacksonst,1979
boydoi01,jacksonst,1980
boylado01,wioshkosh,1974
boylado01,wioshkosh,1975
boylado01,wioshkosh,1976
boyleja02,chicago,1910
boyleja02,chicago,1911
boyleja02,chicago,1912
boyleji01,xavier,1925
boyleji01,xavier,1926
brachbr01,monmouth,2005
brachbr01,monmouth,2006
brachbr01,monmouth,2007
brachbr01,monmouth,2008
brackan01,ncstate,2005
brackan01,ncstate,2006
brackan01,ncstate,2007
bradeda01,caameri,2002
bradeda01,caameri,2003
bradeda01,txtech,2004
bradfch01,mshinds,1994
bradfch01,mshinds,1995
bradfch01,smiss,1996
bradfvi01,alabama,1938
bradfvi01,alabama,1939
bradlbe01,byu,1978
bradlbe01,byu,1979
bradlja01,illinois,1914
bradlja01,illinois,1915
bradlja01,illinois,1916
bradlja02,scarolina,2009
bradlja02,scarolina,2010
bradlja02,scarolina,2011
bradlph01,missouri,1979
bradlph01,missouri,1980
bradlph01,missouri,1981
bradlry01,arizonast,1995
bradlry01,arizonast,1996
bradlry01,arizonast,1997
bradlsc01,unc,1979
bradlsc01,unc,1980
bradlsc01,unc,1981
bradlto01,maryland,1967
bradlto01,maryland,1968
bradste01,norfolkst,1988
bradste01,norfolkst,1989
bradste01,norfolkst,1990
bradybr01,nytech,1981
bradybr01,nytech,1982
bradybr01,nytech,1983
bradybr01,nytech,1984
bradydo01,liberty,1989
bradydo01,liberty,1990
bradydo01,liberty,1991
braggda01,gatech,1988
braggda01,gatech,1989
braggda01,gatech,1990
braggda01,gatech,1991
braggdi01,ohcaset,1898
braggdi01,ohcaset,1899
braggdi01,ohcaset,1900
bragggl01,hawaii,1981
bragggl01,hawaii,1982
bragggl01,hawaii,1983
brancno01,texas,1934
brancno01,texas,1935
brancno01,texas,1936
brancra01,newyorku,1944
brandma01,txpanol,1990
brandma01,txtech,1991
brandma01,txtech,1992
brannot01,carkansas,1921
brannot01,carkansas,1922
bransje01,walabama,1986
bransje01,walabama,1987
bransje01,walabama,1988
brantje01,missst,1982
brantje01,missst,1983
brantje01,missst,1984
brantje01,missst,1985
brantma01,casrjco,1975
brantma01,sonomast,1974
brantmi01,coastcar,1981
brantmi01,coastcar,1982
brantmi01,coastcar,1983
brantro01,ucriver,2009
brantro01,ucriver,2010
braunry01,unlv,2003
braunry01,wake,2000
braunry01,wake,2001
braunry01,wake,2002
braunry02,miamifl,2003
braunry02,miamifl,2004
braunry02,miamifl,2005
braybi01,willmary,2002
braybi01,willmary,2003
braybi01,willmary,2004
brazede01,mtennst,1999
brazede01,mtennst,2000
brazede01,mtennst,2001
breamsi01,liberty,1979
breamsi01,liberty,1980
breamsi01,liberty,1981
breckbi01,dartmouth,1928
breedda01,troyst,1963
breedma01,samford,1953
breedma01,samford,1954
breedma01,samford,1955
brenlbo01,ohio,1973
brenlbo01,ohio,1974
brenlbo01,ohio,1975
brenlbo01,ohio,1976
brenndo01,georgetown,1924
brenndo01,georgetown,1925
brennji02,mesast,1961
brennto01,lewisil,1971
brennto01,lewisil,1972
brennto01,lewisil,1973
brennto01,lewisil,1974
brennwi01,mercer,1983
brennwi01,mercer,1984
breslcr01,yale,1999
breslcr01,yale,2000
breslcr01,yale,2001
breslcr01,yale,2002
bretoji01,illinois,1912
brewebi01,dallasbapt,1987
brewebi01,dallasbapt,1988
brewebi01,dallasbapt,1989
brewebi01,dallasbapt,1990
brewech01,ucla,2007
brewech01,ucla,2008
brewech01,ucla,2009
breweja01,calobcc,1937
breweja01,usc,1938
breweja01,usc,1939
breweja01,usc,1940
brewero01,florida,1985
brewero01,florida,1986
brewero01,florida,1987
breweto01,elon,1951
breweto02,cafooth,1976
breweto02,cafooth,1977
breweto02,miamifl,1978
breweto02,miamifl,1979
brewija01,vcu,1990
brewija01,vcu,1991
brewija01,vcu,1992
brickra01,indiana,1946
brickra01,indiana,1947
brideji01,usc,1947
brideji01,usc,1948
brideji01,usc,1949
bridgto01,tennessee,1927
bridgto01,tennessee,1928
bridgto01,tennessee,1929
brilegr01,nclouis,1984
brilegr01,nclouis,1985
brilegr01,ncstate,1986
brilene01,santaclara,1963
brillji01,roanokeva,1920
brinkbi01,washington,1903
brinkbi01,washington,1904
brinkbi01,washington,1905
brinkbr01,usc,1984
brinkbr01,usc,1985
brinkbr01,usc,1986
brinkch01,ohiost,1964
brinkch01,ohiost,1965
brinkch01,ohiost,1966
briscjo01,txchrist,1987
briscjo01,txchrist,1988
brisslo01,presbytrn,1942
brisslo01,presbytrn,1943
brittja01,illinois,1943
brittja01,illinois,1947
brizzto01,texas,1976
brizzto01,texas,1977
broacjo01,yale,1932
broadla01,dallasbapt,2003
broadla01,dallasbapt,2004
broadla01,txchrist,2005
brobepe01,dartmouth,1970
brobepe01,dartmouth,1971
brocado01,colamar,1986
brockch01,floridast,1989
brockch01,floridast,1990
brockch01,floridast,1991
brockch01,floridast,1992
brockgr01,wyoming,1976
brockgr01,wyoming,1977
brockgr01,wyoming,1978
brockgr01,wyoming,1979
brocklo01,southernu,1958
brocklo01,southernu,1959
brocklo01,southernu,1960
brohatr01,nebraska,1992
brohatr01,nebraska,1993
brohatr01,nebraska,1994
bronkje01,okstate,1984
bronkje01,okstate,1985
bronkje01,okstate,1986
brookbo01,caharbo,1964
brookbo01,caharbo,1965
brookfr01,stpeters,1997
brookfr01,stpeters,1998
brookfr01,stpeters,1999
brookhu01,arizonast,1977
brookhu01,arizonast,1978
brookhu01,azmescc,1976
brookje01,clemson,1986
brookje01,clemson,1987
brookje01,clemson,1988
brookto01,mansfield,1972
brookto01,mansfield,1973
brookto01,mansfield,1974
brosisc01,linfieldor,1985
brosisc01,linfieldor,1986
brosisc01,linfieldor,1987
brossfr01,minnesota,1964
brossfr01,minnesota,1965
brossfr01,minnesota,1966
brosste01,stjohns,1987
brothre01,lipscomb,2007
brothre01,lipscomb,2008
brothre01,lipscomb,2009
brouhma01,capierc,1975
brouhma01,capierc,1976
brousbe01,mcneese,1996
brousbe01,mcneese,1997
brousbe01,mcneese,1998
brousbe01,mcneese,1999
browebo01,duke,1979
browebo01,duke,1980
browebo01,duke,1981
browebo01,duke,1982
browefr01,washleeva,1913
broweji01,minnesota,1992
broweji01,minnesota,1993
broweji01,minnesota,1994
brownan02,nebraska,2006
brownan02,nebraska,2007
brownba01,floridast,2005
brownba01,floridast,2006
brownbo03,stanford,1943
brownbo03,tulane,1945
brownbo03,tulane,1946
brownbo03,ucla,1944
brownbr01,fresnost,1991
brownbr01,fresnost,1992
brownbu01,iowast,1902
brownbu01,iowast,1903
brownbu01,iowast,1904
brownbu01,iowast,1905
brownco01,okstate,2005
brownco01,okstate,2006
brownco01,okstate,2007
browncu03,flbrowa,1979
brownda01,caelajc,1975
brownda01,calstla,1976
brownda01,calstla,1977
brownde01,millikin,1913
brownde01,millikin,1914
browned02,syracuse,1920
brownem01,flindia,1994
brownfr01,dartmouth,1900
brownja04,flnwfsc,1996
brownja04,msmerid,1997
brownje02,alabama,1999
brownje02,alabama,2000
brownje02,alabama,2001
brownje02,alabama,2002
brownji03,ncstate,1932
brownjo04,grambling,1964
brownjo04,grambling,1965
brownjo04,grambling,1966
brownjo05,arizona,2003
brownjo05,arizona,2004
brownjo05,arizona,2005
brownke01,gatech,1984
brownke01,gatech,1985
brownke01,gatech,1986
brownke02,casiski,1983
brownke02,casiski,1984
brownke02,sacstate,1985
brownke02,sacstate,1986
brownke03,casacra,1986
brownke04,sindiana,1992
brownke04,sindiana,1993
brownke04,sindiana,1994
brownma01,iowa,1926
brownma01,iowa,1927
brownma01,iowa,1928
brownma01,iowa,1929
brownma02,umass,1979
brownma02,umass,1980
brownma03,georgia,1984
brownma03,georgia,1985
brownma03,mocrowd,1982
brownma03,mocrowd,1983
brownma04,pbsc,1994
brownmi01,clemson,1978
brownmi01,clemson,1979
brownmi01,clemson,1980
brownmi02,sanjosest,1980
brownmy01,lebvalley,1915
brownmy01,lebvalley,1916
brownmy01,lebvalley,1917
brownos01,cacompt,1965
brownos01,usc,1966
brownra01,mnparke,1908
brownra01,mnparke,1909
brownra02,floridast,1964
brownra02,floridast,1965
brownra02,floridast,1966
brownsa01,grovecity,1899
brownsa01,grovecity,1900
brownsa01,grovecity,1901
brownst02,ucdavis,1975
brownst02,ucdavis,1976
brownst02,ucdavis,1977
brownst02,ucdavis,1978
brownto03,maryland,1961
brownto03,maryland,1962
brownto04,ulamo,1968
brownto04,ulamo,1969
brownto04,ulamo,1970
brownto04,ulamo,1971
brownto05,lemoyne,1979
brownto05,lemoyne,1980
brownto05,lemoyne,1981
brownto05,tnwesleyan,1982
browsc01,washington,1988
browsc01,washington,1989
browsc01,washington,1990
brubabi01,ucla,1930
brubabi01,ucla,1931
brubabi01,ucla,1932
brucebo01,almami,1952
bruckea02,sandiegost,1947
bruckea02,sandiegost,1948
bruckfr01,minnesota,1958
bruckfr01,minnesota,1959
bruetjt01,minnesota,1986
bruetjt01,minnesota,1987
bruetjt01,minnesota,1988
brumbcl01,delaware,1993
brumbcl01,delaware,1994
brumbcl01,delaware,1995
brumldu01,tncleve,1989
brumldu01,tncleve,1990
brumlmi02,texas,1981
brumlmi02,texas,1982
brumlmi02,texas,1983
brummgr01,wichitast,1986
brummgr01,wichitast,1987
brummgr01,wichitast,1988
brummgr01,wichitast,1989
brummty01,ucla,2006
brummty01,ucla,2007
bruneja01,iowa,1946
bruneja01,iowa,1947
bruneja01,iowa,1948
bruneja01,iowa,1949
bruneju01,sandiegost,1994
bruneju01,sandiegost,1995
bruneju01,sandiegost,1996
bruneju01,sandiegost,1997
brunsar01,cncrdiacol,1959
brunsar01,cncrdiacol,1960
brunsar01,cncrdiacol,1961
brunsar01,cncrdiacol,1962
brunswi01,swtexas,1991
brunswi01,swtexas,1992
brunswi01,txeastf,1989
brunswi01,txeastf,1990
brunter01,stanford,1999
brunter01,stanford,2000
bruskji01,caantel,1985
bruskji01,loyolamary,1986
brusswa01,fresnost,1972
brusswa01,fresnost,1973
bryande01,kentucky,1971
bryande01,kentucky,1972
bryande01,kentucky,1973
brydetr01,gonzaga,1980
brydetr01,gonzaga,1981
bubelja01,baylor,1999
bubelja01,baylor,2000
bubelja01,txblinn,1998
buchabr01,virginia,1992
buchabr01,virginia,1993
buchabr01,virginia,1994
buchaji01,austincol,1898
buchaji01,austincol,1899
buchaji01,austincol,1900
buchhcl01,mcneese,2004
buchhcl01,txangjc,2005
buckega02,calstfull,1986
buckega02,calstfull,1987
bucklje01,loyolamary,1909
bucklke01,maine,1979
bucklke01,maine,1980
bucklke01,maine,1981
bucknbi02,scarolina,2004
bucktr01,arizonast,2003
bucktr01,arizonast,2004
bucktr01,arizonast,2005
budasma01,capierc,1972
budasma01,capierc,1973
buddery01,okstate,1999
buddery01,okstate,2000
buddery01,okstate,2001
buddimi01,wake,1990
buddimi01,wake,1991
buddimi01,wake,1992
budzima01,richmond,1992
budzima01,richmond,1993
